{
  "eslint.config.mjs": 1775376268.2744648,
  "next-env.d.ts": 1775376268.2744648,
  "next.config.ts": 1775376268.2755008,
  "postcss.config.mjs": 1775376268.2796166,
  "test-mcp.js": 1776441985.5384076,
  "electron\\auto-injector.js": 1776435427.1594875,
  "electron\\cli-discovery.js": 1775377870.5937433,
  "electron\\execution-manager.js": 1776438372.9813507,
  "electron\\knowledge-manager.js": 1776433105.0609233,
  "electron\\knowledge-mcp-server-entry.js": 1776441801.098971,
  "electron\\knowledge-mcp-server.js": 1776441816.618325,
  "electron\\logs-manager.js": 1775560980.9588332,
  "electron\\main.js": 1776438372.9813507,
  "electron\\mcp-manager.js": 1776441351.261185,
  "electron\\preload.js": 1776438372.9813507,
  "electron\\registry-manager.js": 1775376268.2734652,
  "src\\app\\layout.tsx": 1776429266.8641803,
  "src\\app\\page.tsx": 1776438372.9813507,
  "src\\app\\knowledge\\page.tsx": 1776438452.3394349,
  "src\\app\\logs\\page.tsx": 1775561178.602002,
  "src\\app\\mcps\\page.tsx": 1776439120.9428596,
  "src\\app\\skills\\page.tsx": 1776427448.5062902,
  "src\\app\\store\\page.tsx": 1775378483.0401158,
  "src\\app\\usage\\page.tsx": 1776444036.8072767,
  "src\\components\\agents\\agent-detail.tsx": 1775637569.9284897,
  "src\\components\\agents\\agent-icon.tsx": 1775896907.7312589,
  "src\\components\\agents\\agent-list-item.tsx": 1775562743.5799265,
  "src\\components\\knowledge\\knowledge-card.tsx": 1776438267.0066855,
  "src\\components\\layout\\app-sidebar.tsx": 1776434617.0361927,
  "src\\components\\layout\\global-command.tsx": 1775376268.304627,
  "src\\components\\layout\\knowledge-dropzone.tsx": 1776438401.405917,
  "src\\components\\layout\\page-header.tsx": 1775376268.304627,
  "src\\components\\layout\\titlebar.tsx": 1775376268.305592,
  "src\\components\\mcps\\mcp-card.tsx": 1775376268.3066268,
  "src\\components\\providers\\agent-provider.tsx": 1776438372.9813507,
  "src\\components\\settings\\settings-modal.tsx": 1776432622.6155572,
  "src\\components\\skills\\skill-card.tsx": 1775376268.3086257,
  "src\\components\\skills\\skill-detail.tsx": 1775975681.563041,
  "src\\components\\ui\\avatar.tsx": 1775376268.310589,
  "src\\components\\ui\\badge.tsx": 1775376268.310589,
  "src\\components\\ui\\breadcrumb.tsx": 1775376268.311629,
  "src\\components\\ui\\button.tsx": 1775376268.311629,
  "src\\components\\ui\\card.tsx": 1775376268.3126345,
  "src\\components\\ui\\command.tsx": 1775376268.3126345,
  "src\\components\\ui\\dialog.tsx": 1775376268.3136268,
  "src\\components\\ui\\dropdown-menu.tsx": 1775376268.3145902,
  "src\\components\\ui\\input-group.tsx": 1775376268.3145902,
  "src\\components\\ui\\input.tsx": 1775376268.3145902,
  "src\\components\\ui\\label.tsx": 1775807631.7385263,
  "src\\components\\ui\\popover.tsx": 1775376268.3156285,
  "src\\components\\ui\\scroll-area.tsx": 1775376268.3165472,
  "src\\components\\ui\\section-divider.tsx": 1775376268.3165472,
  "src\\components\\ui\\select.tsx": 1775376268.3165472,
  "src\\components\\ui\\separator.tsx": 1775376268.317554,
  "src\\components\\ui\\sheet.tsx": 1775376268.3184247,
  "src\\components\\ui\\sidebar.tsx": 1775376268.3184247,
  "src\\components\\ui\\skeleton.tsx": 1775376268.3194318,
  "src\\components\\ui\\sonner.tsx": 1775806609.331091,
  "src\\components\\ui\\status-badge.tsx": 1775376268.3194318,
  "src\\components\\ui\\switch.tsx": 1775376268.3204308,
  "src\\components\\ui\\table.tsx": 1775376268.3204308,
  "src\\components\\ui\\tabs.tsx": 1775376268.3204308,
  "src\\components\\ui\\textarea.tsx": 1775376268.3214667,
  "src\\components\\ui\\tooltip.tsx": 1775376268.3224306,
  "src\\config\\navigation.ts": 1776443831.3058534,
  "src\\hooks\\use-mobile.ts": 1775376268.3234315,
  "src\\lib\\data.ts": 1775896896.887394,
  "src\\lib\\registry.ts": 1775376268.324433,
  "src\\lib\\utils.ts": 1775376268.325459,
  "src\\types\\electron.d.ts": 1776437738.190701,
  "APP_PLAN.md": 1775376268.2691712,
  "DESIGN_SYSTEM.md": 1775893501.3264353,
  "powerplan.md": 1775376268.2796166,
  "PROGRESS.md": 1775561079.6890156,
  "README.md": 1775376268.2691712,
  "public\\file.svg": 1775376268.280655,
  "public\\globe.svg": 1775376268.281624,
  "public\\next.svg": 1775376268.281624,
  "public\\vercel.svg": 1775376268.2826252,
  "public\\window.svg": 1775376268.2826252
}